{
  "project_info": {
    "project_number": "702477852112",
    "project_id": "first-3ef33",
    "storage_bucket": "first-3ef33.appspot.com"
  },
  "client": [
    {
      "client_info": {
        "mobilesdk_app_id": "1:702477852112:android:33a52de59309b3ce8aedd5",
        "android_client_info": {
          "package_name": "com.example.firebaselogin"
        }
      },
      "oauth_client": [
        {
          "client_id": "702477852112-ikpacjtoae6f6rodm59spvk9sr2ak573.apps.googleusercontent.com",
          "client_type": 3
        }
      ],
      "api_key": [
        {
          "current_key": "AIzaSyDM_IajZZHvdCmyZ2Ixa81MEBbNARAXN5g"
        }
      ],
      "services": {
        "appinvite_service": {
          "other_platform_oauth_client": [
            {
              "client_id": "702477852112-ikpacjtoae6f6rodm59spvk9sr2ak573.apps.googleusercontent.com",
              "client_type": 3
            }
          ]
        }
      }
    }
  ],
  "configuration_version": "1"
}